<?xml version="1.0" encoding="UTF-8"?>
<!-- Created with TexturePacker http://www.codeandweb.com/texturepacker-->
<!-- $TexturePacker:SmartUpdate:aef1b37cde497d7713d3d829d97ee563:6bf28d784791e84510dede3f9f1bf84f:dc96575c54d37530a401ef27342011c1$ -->
<TextureAtlas imagePath="skins_atlas.png">
    <SubTexture name="Ace" x="2" y="2" width="150" height="150"/>
    <SubTexture name="Apple" x="2" y="154" width="150" height="150"/>
    <SubTexture name="Apple_Face" x="2" y="306" width="150" height="150"/>
    <SubTexture name="Army" x="2" y="458" width="150" height="150"/>
    <SubTexture name="Autumnleaf" x="2" y="610" width="150" height="150"/>
    <SubTexture name="Banana" x="2" y="762" width="150" height="150"/>
    <SubTexture name="Baseball" x="2" y="914" width="150" height="150"/>
    <SubTexture name="Basketball" x="2" y="1066" width="150" height="150"/>
    <SubTexture name="Bat" x="2" y="1218" width="150" height="150"/>
    <SubTexture name="Bear" x="2" y="1370" width="150" height="150"/>
    <SubTexture name="Birdie" x="2" y="1522" width="150" height="150"/>
    <SubTexture name="Bite" x="2" y="1674" width="150" height="150"/>
    <SubTexture name="Blackhole" x="1522" y="1522" width="150" height="149"/>
    <SubTexture name="Blueberry_Face" x="154" y="2" width="150" height="150"/>
    <SubTexture name="Bomb" x="306" y="2" width="150" height="150"/>
    <SubTexture name="Bowling" x="458" y="2" width="150" height="150"/>
    <SubTexture name="Breakfast" x="610" y="2" width="150" height="150"/>
    <SubTexture name="BroFist" x="762" y="2" width="150" height="150"/>
    <SubTexture name="Bug" x="914" y="2" width="150" height="150"/>
    <SubTexture name="Candy" x="1066" y="2" width="150" height="150"/>
    <SubTexture name="Cat" x="1218" y="2" width="150" height="150"/>
    <SubTexture name="Cloud" x="1370" y="2" width="150" height="150"/>
    <SubTexture name="Colombia" x="1522" y="2" width="150" height="150"/>
    <SubTexture name="Cookie" x="1674" y="2" width="150" height="150"/>
    <SubTexture name="Cougar" x="154" y="154" width="150" height="150"/>
    <SubTexture name="Cow_Pattern" x="154" y="306" width="150" height="150"/>
    <SubTexture name="Coyote" x="154" y="458" width="150" height="150"/>
    <SubTexture name="Crazy" x="154" y="610" width="150" height="150"/>
    <SubTexture name="Crocodile" x="154" y="762" width="150" height="150"/>
    <SubTexture name="Cuba" x="154" y="914" width="150" height="150"/>
    <SubTexture name="CupCake" x="154" y="1066" width="150" height="150"/>
    <SubTexture name="Cupid" x="154" y="1218" width="150" height="150"/>
    <SubTexture name="Dog" x="154" y="1370" width="150" height="150"/>
    <SubTexture name="Doggie" x="154" y="1522" width="150" height="150"/>
    <SubTexture name="Donuts" x="154" y="1674" width="150" height="150"/>
    <SubTexture name="Dragon_Pattern" x="306" y="154" width="150" height="150"/>
    <SubTexture name="Evil" x="458" y="154" width="150" height="150"/>
    <SubTexture name="Explosion" x="610" y="154" width="150" height="150"/>
    <SubTexture name="Eye" x="762" y="154" width="150" height="150"/>
    <SubTexture name="Fly" x="914" y="154" width="150" height="150"/>
    <SubTexture name="FootPrint" x="1066" y="154" width="150" height="150"/>
    <SubTexture name="Fox" x="1218" y="154" width="150" height="150"/>
    <SubTexture name="Frog" x="1370" y="154" width="150" height="150"/>
    <SubTexture name="Galaxy" x="1522" y="154" width="150" height="150"/>
    <SubTexture name="GingerBreadMan" x="1674" y="154" width="150" height="150"/>
    <SubTexture name="Goldfish" x="306" y="306" width="150" height="150"/>
    <SubTexture name="Good" x="306" y="458" width="150" height="150"/>
    <SubTexture name="Grinch" x="306" y="610" width="150" height="150"/>
    <SubTexture name="Halloween" x="306" y="762" width="150" height="150"/>
    <SubTexture name="Hamburguer" x="306" y="914" width="150" height="150"/>
    <SubTexture name="Heart" x="306" y="1066" width="150" height="150"/>
    <SubTexture name="Hockey" x="306" y="1218" width="150" height="150"/>
    <SubTexture name="Hot_Dog" x="306" y="1370" width="150" height="150"/>
    <SubTexture name="Hunter" x="306" y="1522" width="150" height="150"/>
    <SubTexture name="Jar_Brain" x="306" y="1674" width="150" height="150"/>
    <SubTexture name="Jupiter" x="458" y="306" width="150" height="150"/>
    <SubTexture name="KissBoy" x="610" y="306" width="150" height="150"/>
    <SubTexture name="KissGirl" x="762" y="306" width="150" height="150"/>
    <SubTexture name="Kraken" x="914" y="306" width="150" height="150"/>
    <SubTexture name="Leopard_Pattern" x="1066" y="306" width="150" height="150"/>
    <SubTexture name="Lion" x="1218" y="306" width="150" height="150"/>
    <SubTexture name="Lizard" x="1370" y="306" width="150" height="150"/>
    <SubTexture name="Luchador" x="1522" y="306" width="150" height="150"/>
    <SubTexture name="Mammoth" x="1674" y="306" width="150" height="150"/>
    <SubTexture name="Mercury" x="458" y="458" width="150" height="150"/>
    <SubTexture name="Monster" x="458" y="610" width="150" height="150"/>
    <SubTexture name="Mouse" x="458" y="762" width="150" height="150"/>
    <SubTexture name="Mushroom" x="458" y="914" width="150" height="150"/>
    <SubTexture name="Muu" x="458" y="1066" width="150" height="150"/>
    <SubTexture name="Neptune" x="458" y="1218" width="150" height="150"/>
    <SubTexture name="Nose" x="458" y="1370" width="150" height="150"/>
    <SubTexture name="Nuclear" x="458" y="1522" width="150" height="150"/>
    <SubTexture name="Octopus" x="458" y="1674" width="150" height="150"/>
    <SubTexture name="Owl" x="610" y="458" width="150" height="150"/>
    <SubTexture name="Panda" x="762" y="458" width="150" height="150"/>
    <SubTexture name="Panther" x="914" y="458" width="150" height="150"/>
    <SubTexture name="Pineapple_Face" x="1066" y="458" width="150" height="150"/>
    <SubTexture name="Pirate" x="1218" y="458" width="150" height="150"/>
    <SubTexture name="Pizza" x="1370" y="458" width="150" height="150"/>
    <SubTexture name="Pluto" x="1522" y="458" width="150" height="150"/>
    <SubTexture name="Radar" x="1674" y="458" width="150" height="150"/>
    <SubTexture name="Raptor" x="610" y="610" width="150" height="150"/>
    <SubTexture name="Saturn" x="610" y="762" width="150" height="150"/>
    <SubTexture name="Scarecrow" x="610" y="914" width="150" height="150"/>
    <SubTexture name="Seal" x="610" y="1066" width="150" height="150"/>
    <SubTexture name="Shark" x="610" y="1218" width="150" height="150"/>
    <SubTexture name="Shark_Pattern" x="610" y="1370" width="150" height="150"/>
    <SubTexture name="Snake" x="610" y="1522" width="150" height="150"/>
    <SubTexture name="Snake_Pattern" x="610" y="1674" width="150" height="150"/>
    <SubTexture name="Snowball" x="762" y="610" width="150" height="150"/>
    <SubTexture name="Snowman" x="914" y="610" width="150" height="150"/>
    <SubTexture name="Soccer" x="1066" y="610" width="150" height="150"/>
    <SubTexture name="Spider" x="1218" y="610" width="150" height="150"/>
    <SubTexture name="Spy" x="1370" y="610" width="150" height="150"/>
    <SubTexture name="Starball" x="1522" y="610" width="150" height="150"/>
    <SubTexture name="Starball1" x="1674" y="610" width="150" height="150"/>
    <SubTexture name="Sumo" x="762" y="762" width="150" height="150"/>
    <SubTexture name="Sun" x="762" y="914" width="150" height="150"/>
    <SubTexture name="T-Rex" x="762" y="1066" width="150" height="150"/>
    <SubTexture name="Target" x="762" y="1218" width="150" height="150"/>
    <SubTexture name="Terrible" x="762" y="1370" width="150" height="150"/>
    <SubTexture name="Tiger_Pattern" x="762" y="1522" width="150" height="150"/>
    <SubTexture name="Tomato_Face" x="762" y="1674" width="150" height="150"/>
    <SubTexture name="Toxic" x="914" y="762" width="150" height="150"/>
    <SubTexture name="Turtle" x="1066" y="762" width="150" height="150"/>
    <SubTexture name="Uranus" x="1218" y="762" width="150" height="150"/>
    <SubTexture name="Venezuela" x="1370" y="762" width="150" height="150"/>
    <SubTexture name="Venus" x="1522" y="762" width="150" height="150"/>
    <SubTexture name="Virus" x="1674" y="762" width="150" height="150"/>
    <SubTexture name="Wasp" x="914" y="914" width="150" height="150"/>
    <SubTexture name="Willie" x="914" y="1066" width="150" height="150"/>
    <SubTexture name="Wolf" x="914" y="1218" width="150" height="150"/>
    <SubTexture name="X-mas" x="914" y="1370" width="150" height="150"/>
    <SubTexture name="Zebra_Pattern" x="914" y="1522" width="150" height="150"/>
    <SubTexture name="berlusconi" x="914" y="1674" width="150" height="150"/>
    <SubTexture name="blatter" x="1066" y="914" width="150" height="150"/>
    <SubTexture name="boris" x="1218" y="914" width="150" height="150"/>
    <SubTexture name="bush" x="1370" y="914" width="150" height="150"/>
    <SubTexture name="cameron" x="1522" y="914" width="150" height="150"/>
    <SubTexture name="chavez" x="1674" y="914" width="150" height="150"/>
    <SubTexture name="clinton" x="1066" y="1066" width="150" height="150"/>
    <SubTexture name="dilma" x="1066" y="1218" width="150" height="150"/>
    <SubTexture name="evil_eye" x="1066" y="1370" width="150" height="150"/>
    <SubTexture name="face" x="1066" y="1522" width="150" height="150"/>
    <SubTexture name="fidel" x="1066" y="1674" width="150" height="150"/>
    <SubTexture name="ghost" x="1218" y="1066" width="150" height="150"/>
    <SubTexture name="hillary" x="1370" y="1066" width="150" height="150"/>
    <SubTexture name="hollande" x="1522" y="1066" width="150" height="150"/>
    <SubTexture name="kim jong-un" x="1674" y="1066" width="150" height="150"/>
    <SubTexture name="merkel" x="1218" y="1218" width="150" height="150"/>
    <SubTexture name="obama" x="1218" y="1370" width="150" height="150"/>
    <SubTexture name="palin" x="1218" y="1522" width="150" height="150"/>
    <SubTexture name="pig" x="1218" y="1674" width="150" height="150"/>
    <SubTexture name="putin" x="1370" y="1218" width="150" height="150"/>
    <SubTexture name="queen" x="1522" y="1218" width="150" height="150"/>
    <SubTexture name="smile" x="1674" y="1218" width="150" height="150"/>
    <SubTexture name="toon" x="1370" y="1370" width="150" height="150"/>
    <SubTexture name="trump" x="1370" y="1522" width="150" height="150"/>
    <SubTexture name="tsipras" x="1370" y="1674" width="150" height="150"/>
    <SubTexture name="varoufakis" x="1522" y="1370" width="150" height="150"/>
    <SubTexture name="zombie" x="1674" y="1370" width="150" height="150"/>
</TextureAtlas>
