{
  "texts": {
    "amazon_rate_msg": "Please rate it on Amazon.", 
    "amazon_rate_no": "Not yet", 
    "amazon_rate_title": "Love Agar.io?", 
    "amazon_rate_yes": "Rate it!", 
    "android_rate_msg": "Please rate it on Google Play.", 
    "android_rate_no": "Not yet", 
    "android_rate_title": "Love Agar.io?", 
    "android_rate_yes": "Rate it!", 
    "boost_activation_error": "Boost unsuccessful, please try again.", 
    "connect_store_error_text": "Cannot connect to the store", 
    "connect_store_error_title": "Connection Error", 
    "facebook_share_permission_popup_cancel": "Don't Allow", 
    "facebook_share_permission_popup_ok": "OK", 
    "facebook_share_permission_popup_text": "%@ would like to post to your friends on your behalf.", 
    "facebook_share_permission_popup_title": "Facebook", 
    "fb_levelup_description": "How far can you go? Come and play!", 
    "fb_levelup_subtitle": "I'm now level %@!", 
    "fb_levelup_title": "I just levelled up in Agar.io!", 
    "fb_matchresults_description": "Can you do better? Come and play!", 
    "fb_matchresults_subtitle": "I survived %@m %@s and got a score of %@", 
    "fb_matchresults_title": "Got a new score in Agar.io", 
    "fb_skinpurchase_description": "Think you look cooler than me? Come and play!", 
    "fb_skinpurchase_subtitle": "It looks great in game", 
    "fb_skinpurchase_title": "I just got a new skin in Agar.io: %@", 
    "force_upgrade_pop_up_button_text": "OK", 
    "force_upgrade_pop_up_text": "You must update the app to be able to play Agar.io", 
    "force_upgrade_pop_up_title": "Update needed", 
    "free_coin_number_tag": "%i coins", 
    "free_coins": "Free Coins", 
    "free_coins_incentivise_video": "Or watch a video and earn %@ Coins!", 
    "free_coins_offers": "Free Coins \\n with offers", 
    "free_coins_unavailable": "Unavailable right now", 
    "free_with_tapjoy": "Free Coins with Tapjoy", 
    "guest_display_name": "Guest", 
    "id_display_label": "(User ID: %@)", 
    "ios_rate_msg": "Please rate it on the App Store.", 
    "ios_rate_no": "Not yet", 
    "ios_rate_title": "Love Agar.io?", 
    "ios_rate_yes": "Rate it!", 
    "lead_title": "Leaderboard", 
    "leaderboard_guest": "unnamed", 
    "login_facebook_tag": "Login with Facebook", 
    "login_google_tag": "Login with Google", 
    "main_exit_confirmation": "Exit the game?", 
    "main_exit_confirmation_no": "No", 
    "main_exit_confirmation_yes": "Yes", 
    "menu_boost_activation_info": "Purchase more boosts to use when you like", 
    "menu_boost_activation_subtitle": "Your boost is now active!", 
    "menu_collect_button": "Collect", 
    "menu_connecting": "Connecting", 
    "menu_control_type_corners": "Corners", 
    "menu_control_type_follow": "Follow", 
    "menu_control_type_left": "Left", 
    "menu_control_type_right": "Right", 
    "menu_controls": "Controls", 
    "menu_credits": "Credits", 
    "menu_credits_team": "Agar.io Team", 
    "menu_credits_tech": "Technology ", 
    "menu_credits_thanks": "Special Thanks", 
    "menu_direction_touch_hint_1": "If ON, your cell will immediately move in the direction where you touched the screen.", 
    "menu_direction_touch_hint_2": "If OFF, you need to drag the finger when touching the screen to move in a new direction.", 
    "menu_enter_nickname": "Nickname", 
    "menu_free_coins_collect_later": "Collect in:", 
    "menu_hourly_not_ready": "Come back in %@\\n to receive %i coins", 
    "menu_hourly_subtitle_1": "Welcome back,\\nyou have earned %i coins!", 
    "menu_hourly_subtitle_2": "Come back in one hour to earn more coins.", 
    "menu_hourly_title": "Hourly Bonus.", 
    "menu_hourly_title_coins": "Hourly Coins!", 
    "menu_level_up_next_skin": "Next Skin: Level %@", 
    "menu_level_up_reward": "Reward: %@", 
    "menu_level_up_subtitle": "You've reached level", 
    "menu_level_up_subtitle_skin": "You've unlocked a Veteran Skin", 
    "menu_level_up_title": "Congratulations!", 
    "menu_login": "Login", 
    "menu_login_description": "Protect your stats, get bonus\\nstarting mass and free coins every hour", 
    "menu_login_facebook": "Login with Facebook", 
    "menu_login_google": "Sign in with Google", 
    "menu_login_guest": "Play as Guest", 
    "menu_logout": "Logout", 
    "menu_main_free_coins": "Free Coins", 
    "menu_main_shop": "Shop", 
    "menu_main_skins": "Skins", 
    "menu_match_stats_title": "Match Results:", 
    "menu_more_games": "More Games", 
    "menu_more_information": "More Information", 
    "menu_network_problem_button": "Home", 
    "menu_network_problem_text": "Connection is slow", 
    "menu_no": "No", 
    "menu_not_avail_android_subtitle": "Upgrade account to get all the goods:", 
    "menu_not_avail_ios_subtitle": "Login to Facebook to get all the goods:", 
    "menu_not_avail_string1": "Bonus starting mass!", 
    "menu_not_avail_string2": "Collect free coins every hour!", 
    "menu_not_avail_string3": "Save your Stats!", 
    "menu_not_avail_string4": "Play on multiple devices!", 
    "menu_not_avail_title": "Feature not available for Guests", 
    "menu_not_enough_coins_title": "Not Enough Coins!", 
    "menu_off": "Off", 
    "menu_on": "On", 
    "menu_pause_text": "Are you sure that you want to leave?", 
    "menu_play": "Play", 
    "menu_profile_average_score": "Average score:", 
    "menu_profile_cells_eaten": "Most cells eaten:", 
    "menu_profile_highest_score": "Highest score:", 
    "menu_profile_longest_time": "Best survival time:", 
    "menu_profile_player_stats": "Player Stats:", 
    "menu_profile_title": "Profile", 
    "menu_profile_total_games": "Total games played:", 
    "menu_profile_total_mass": "Total mass eaten:", 
    "menu_purchase_coins_awarded": "You have just been awarded:", 
    "menu_purchase_title": "Purchase Complete", 
    "menu_reconnecting_button": "Retry", 
    "menu_reconnecting_text": "Connection has been lost.\\nPress retry to reconnect.", 
    "menu_recover_pass_button_ok": "Ok", 
    "menu_rules_line_1_part_1": "Press", 
    "menu_rules_line_1_part_2": "to split", 
    "menu_rules_line_2_part_1": "Press", 
    "menu_rules_line_2_part_2": "to eject some mass", 
    "menu_settings_account": "Account", 
    "menu_settings_button_positions": "Button Positions", 
    "menu_settings_buttons_title": "Buttons", 
    "menu_settings_dark_background": "Dark Background", 
    "menu_settings_direction_on_touch": "Direction on Touch", 
    "menu_settings_game_options": "Game Options", 
    "menu_settings_info": "Info", 
    "menu_settings_show_arrow": "Show Arrow", 
    "menu_settings_show_mass": "Show Mass", 
    "menu_settings_stop_on_release": "Stop on Release", 
    "menu_settings_title": "Settings", 
    "menu_shop_1_hour": "1 Hour", 
    "menu_shop_24_hours": "24 Hours", 
    "menu_shop_best_deal": "BEST\\nDEAL", 
    "menu_shop_button_boost": "XP Boost", 
    "menu_shop_button_coins": "Coins", 
    "menu_shop_button_mass": "Mass Boost", 
    "menu_shop_button_xp_double": "Double XP Boost", 
    "menu_shop_button_xp_triple": "Triple XP Boost", 
    "menu_shop_buy": "Buy", 
    "menu_shop_cancel": "Cancel", 
    "menu_shop_coins_best": "BEST\\nDEAL", 
    "menu_shop_coins_free": "FREE!", 
    "menu_shop_coins_make_purchase": "Make any purchase to remove ads.", 
    "menu_shop_coins_popular": "POPULAR", 
    "menu_shop_coins_title": "Coins", 
    "menu_shop_double_mass_info": "Start each game with double your normal mass while boost is active", 
    "menu_shop_double_xp_info": "Earn double XP while boost is active", 
    "menu_shop_mass_double": "Double Starting Mass", 
    "menu_shop_mass_title": "Starting Mass Boost", 
    "menu_shop_mass_triple": "Triple Starting Mass", 
    "menu_shop_n_hour": "%hours_value% hours", 
    "menu_shop_skins_node_placeholder": "Get New Skins!", 
    "menu_shop_skins_title": "Skins", 
    "menu_shop_triple_mass_info": "Start each game with triple your normal mass while boost is active", 
    "menu_shop_triple_xp_info": "Earn triple XP while boost is active", 
    "menu_shop_use": "Use", 
    "menu_shop_using": "Using", 
    "menu_stats_cells_eaten": "Cells Eaten:", 
    "menu_stats_highest_mass": "Highest mass:", 
    "menu_stats_leaderboard_time": "Leaderboard time:", 
    "menu_stats_mass_eaten": "Mass eaten:", 
    "menu_stats_survival_time": "Survival time:", 
    "menu_stats_top_position": "Top position:", 
    "menu_stop_release_hint": "If turned ON, your cell will stop moving when you release your finger from the screen.", 
    "menu_terms_and_conditions": "Terms & Conditions", 
    "menu_version": "Version", 
    "menu_video_another_body": "You have earned %@ coins! Do you want to watch another video for %@ more coins?", 
    "menu_video_another_later": "Later", 
    "menu_video_another_title": "Congratulations!", 
    "menu_video_another_yes": "Yes", 
    "menu_video_loading_body_1": "Looking for videos!", 
    "menu_video_loading_body_2": "Please wait...", 
    "menu_video_loading_title": "Video Rewards", 
    "menu_video_not_avail_body": "Sorry, there aren't any videos at the moment.\\nPlease try again later", 
    "menu_video_not_avail_title": "Videos unavailable", 
    "menu_video_tutorial_body": "Watch a short video and earn %@ coins. You can watch as many videos as are available to earn more coins", 
    "menu_video_tutorial_title": "Free Coins!", 
    "menu_view": "View", 
    "menu_yes": "Yes", 
    "player_score": "Score: ${0}", 
    "product_name_coin": "Coins", 
    "product_name_mass_boost_2x_1h": "Double starting mass for 1h", 
    "product_name_mass_boost_2x_24h": "Double starting mass for 24h", 
    "product_name_mass_boost_3x_1h": "Triple starting mass for 1h", 
    "product_name_mass_boost_3x_24h": "Triple starting mass for 24h", 
    "product_name_skin_apple": "Apple Skin", 
    "product_name_skin_appleface": "Apple Face Skin", 
    "product_name_skin_army": "Army Skin", 
    "product_name_skin_banana": "Banana Skin", 
    "product_name_skin_baseball": "Baseball Skin", 
    "product_name_skin_basketball": "Basketball Skin", 
    "product_name_skin_birdie": "Birdie Skin", 
    "product_name_skin_bite": "Bite Skin", 
    "product_name_skin_blackhole": "Black Hole Skin", 
    "product_name_skin_blueberry": "Blueberry Skin", 
    "product_name_skin_bomb": "Bomb Skin", 
    "product_name_skin_boob": "Circles Skin", 
    "product_name_skin_bowling": "Bowling Skin", 
    "product_name_skin_breakfast": "Breakfast Skin", 
    "product_name_skin_brofist": "BroFist Skin", 
    "product_name_skin_bug": "Bug Skin", 
    "product_name_skin_candy": "Candy Skin", 
    "product_name_skin_cat": "Cat Skin", 
    "product_name_skin_cloud": "Cloud Skin", 
    "product_name_skin_cookie": "Cookie Skin", 
    "product_name_skin_crazy": "Crazy Skin", 
    "product_name_skin_dog": "Puppy Skin", 
    "product_name_skin_doggie": "Dog Skin", 
    "product_name_skin_donuts": "Donuts Skin", 
    "product_name_skin_empty": "Default Skin", 
    "product_name_skin_evil": "Evil Skin", 
    "product_name_skin_evileye": "Evil Eye Skin", 
    "product_name_skin_eye": "Eye Skin", 
    "product_name_skin_face": "Sad Skin", 
    "product_name_skin_footprint": "Footprint Skin", 
    "product_name_skin_frog": "Frog Skin", 
    "product_name_skin_galaxy": "Galaxy Skin", 
    "product_name_skin_ghost": "Ghost Skin", 
    "product_name_skin_goldfish": "Goldfish Skin", 
    "product_name_skin_good": "Halo Skin", 
    "product_name_skin_halloween": "Halloween Skin", 
    "product_name_skin_hamburguer": "Hamburguer Skin", 
    "product_name_skin_heart": "Heart Skin", 
    "product_name_skin_hockey": "Hockey Skin", 
    "product_name_skin_hotdog": "Hot Dog Skin", 
    "product_name_skin_jarbrain": "Brain Skin", 
    "product_name_skin_jupiter": "Jupiter Skin", 
    "product_name_skin_luchador": "Luchador Skin", 
    "product_name_skin_mercury": "Mercury Skin", 
    "product_name_skin_monster": "Monster Skin", 
    "product_name_skin_mouse": "Mouse Skin", 
    "product_name_skin_mushroom": "Mushroom Skin", 
    "product_name_skin_muu": "Moo Skin", 
    "product_name_skin_neptune": "Neptune Skin", 
    "product_name_skin_nose": "Nose Skin", 
    "product_name_skin_nuclear": "Nuclear Skin", 
    "product_name_skin_octopus": "Octopus Skin", 
    "product_name_skin_owl": "Owl Skin", 
    "product_name_skin_panda": "Panda Skin", 
    "product_name_skin_pig": "Piggie Skin", 
    "product_name_skin_pineappleface": "Pineapple Skin", 
    "product_name_skin_pirate": "Pirate Skin", 
    "product_name_skin_pizza": "Pizza Skin", 
    "product_name_skin_pluto": "Pluto Skin", 
    "product_name_skin_radar": "Radar Skin", 
    "product_name_skin_saturn": "Saturn Skin", 
    "product_name_skin_scarecrow": "Scarecrow Skin", 
    "product_name_skin_seal": "Seal Skin", 
    "product_name_skin_smile": "Smile Skin", 
    "product_name_skin_snowman": "Snowman Skin", 
    "product_name_skin_spy": "Spy Skin", 
    "product_name_skin_starball": "Star Ball Skin", 
    "product_name_skin_sun": "Sun Skin", 
    "product_name_skin_target": "Target Skin", 
    "product_name_skin_terrible": "Terrible Skin", 
    "product_name_skin_tigerpattern": "Tiger Skin", 
    "product_name_skin_tomatoface": "Tomato Skin", 
    "product_name_skin_toon": "Toon Skin", 
    "product_name_skin_toxic": "Toxic Skin", 
    "product_name_skin_turtle": "Turtle Skin", 
    "product_name_skin_uranus": "Uranus Skin", 
    "product_name_skin_venus": "Venus Skin", 
    "product_name_skin_virus": "Virus Skin", 
    "product_name_skin_willie": "Facepalm Skin", 
    "product_name_skin_wolf": "Wolf Skin", 
    "product_name_skin_zebrapattern": "Zebra Skin", 
    "product_name_skin_zombie": "Zombie Skin", 
    "product_name_xp_boost_2x_1h": "Double XP for 1h", 
    "product_name_xp_boost_2x_24h": "Double XP for 24h", 
    "product_name_xp_boost_3x_1h": "Triple XP for 1h", 
    "product_name_xp_boost_3x_24h": "Triple XP for 24h", 
    "purchase_description_125000_coins": "Get a Vault of Coins", 
    "purchase_description_1250_coins": "Get a Stack of Coins", 
    "purchase_description_16000_coins": "Get a Stash of Coins", 
    "purchase_description_3250_coins": "Get a Pile of Coins", 
    "purchase_description_50000_coins": "Get a Heap of Coins", 
    "purchase_description_7000_coins": "Get a Wallet of Coins", 
    "purchase_name_125000_coins": "Vault of Coins", 
    "purchase_name_1250_coins": "Stack of Coins", 
    "purchase_name_16000_coins": "Stash of Coins", 
    "purchase_name_3250_coins": "Pile of Coins", 
    "purchase_name_50000_coins": "Heap of Coins", 
    "purchase_name_7000_coins": "Wallet of Coins", 
    "shop_unavailable_message": "Shop is not available at the moment, please come back later", 
    "skins_owned_tag": "Owned", 
    "skins_premium_tag": "Premium", 
    "skins_vet_tag": "Veteran", 
    "skins_xmas_tag": "Christmas", 
    "social_share_tag": "Share", 
    "transaction_error": "Transaction error", 
    "transaction_in_progress": "Transaction in progress", 
    "transaction_not_allowed": "You are not allowed to make a purchase.", 
    "transaction_ok": "OK", 
    "transaction_server_error": "Server error", 
    "transaction_verification_timeout": "Your transaction is being processed. We will update your account shortly.", 
    "transaction_wait": "Please wait...", 
    "tt_levelup": "I'm now level %@ in Agar.io! How far can you go? Come and play!", 
    "tt_matchresults": "I survived %@m %@s and got a score of %@ in Agar.io! Can you do better? Come and play", 
    "tt_skinpurchase": "I just got a new skin in Agar.io: %@. Think you look cooler than me? Come and play!", 
    "twitter_cant_tweet": "Please enable Twitter in your device Settings or create a Twitter account if you don't have one.", 
    "widget_loading_connecting": "Connecting", 
    "widget_loading_loading": "Loading", 
    "widget_loading_processing": "Processing", 
    "widget_loading_purchasing": "Purchasing"
  }
}